<?xml version="1.0" encoding="WINDOWS-1252"?>
<!-- Generated by Oracle Reports version 10.1.2.0.2 -->
<AP99>
  <LIST_G_INVOICE_ID>
    <G_INVOICE_ID>
      <AMOUNT_PAID></AMOUNT_PAID>
      <PAYMENT_CURRENCY_CODE>USD</PAYMENT_CURRENCY_CODE>
      <INVOICE_CURRENCY_CODE>USD</INVOICE_CURRENCY_CODE>
      <SET_OF_BOOKS_ID>1</SET_OF_BOOKS_ID>
      <LAST_UPDATED_BY>1318</LAST_UPDATED_BY>
      <LAST_UPDATE_DATE>15-SEP-21</LAST_UPDATE_DATE>
      <INVOICE_ID>582072</INVOICE_ID>
    </G_INVOICE_ID>
    <G_INVOICE_ID>
      <AMOUNT_PAID></AMOUNT_PAID>
      <PAYMENT_CURRENCY_CODE>USD</PAYMENT_CURRENCY_CODE>
      <INVOICE_CURRENCY_CODE>USD</INVOICE_CURRENCY_CODE>
      <SET_OF_BOOKS_ID>1</SET_OF_BOOKS_ID>
      <LAST_UPDATED_BY>1318</LAST_UPDATED_BY>
      <LAST_UPDATE_DATE>23-MAR-22</LAST_UPDATE_DATE>
      <INVOICE_ID>761196</INVOICE_ID>
    </G_INVOICE_ID>
    <G_INVOICE_ID>
      <AMOUNT_PAID>0</AMOUNT_PAID>
      <PAYMENT_CURRENCY_CODE>USD</PAYMENT_CURRENCY_CODE>
      <INVOICE_CURRENCY_CODE>USD</INVOICE_CURRENCY_CODE>
      <SET_OF_BOOKS_ID>1</SET_OF_BOOKS_ID>
      <LAST_UPDATED_BY>1318</LAST_UPDATED_BY>
      <LAST_UPDATE_DATE>11-JAN-23</LAST_UPDATE_DATE>
      <INVOICE_ID>872187</INVOICE_ID>
    </G_INVOICE_ID>
    <G_INVOICE_ID>
      <AMOUNT_PAID></AMOUNT_PAID>
      <PAYMENT_CURRENCY_CODE>FRF</PAYMENT_CURRENCY_CODE>
      <INVOICE_CURRENCY_CODE>FRF</INVOICE_CURRENCY_CODE>
      <SET_OF_BOOKS_ID>1</SET_OF_BOOKS_ID>
      <LAST_UPDATED_BY>1318</LAST_UPDATED_BY>
      <LAST_UPDATE_DATE>26-JAN-98</LAST_UPDATE_DATE>
      <INVOICE_ID>15207</INVOICE_ID>
    </G_INVOICE_ID>
    <G_INVOICE_ID>
      <AMOUNT_PAID></AMOUNT_PAID>
      <PAYMENT_CURRENCY_CODE>USD</PAYMENT_CURRENCY_CODE>
      <INVOICE_CURRENCY_CODE>USD</INVOICE_CURRENCY_CODE>
      <SET_OF_BOOKS_ID>1</SET_OF_BOOKS_ID>
      <LAST_UPDATED_BY>1318</LAST_UPDATED_BY>
      <LAST_UPDATE_DATE>11-JUN-23</LAST_UPDATE_DATE>
      <INVOICE_ID>904243</INVOICE_ID>
    </G_INVOICE_ID>
    <G_INVOICE_ID>
      <AMOUNT_PAID>108.5</AMOUNT_PAID>
      <PAYMENT_CURRENCY_CODE>USD</PAYMENT_CURRENCY_CODE>
      <INVOICE_CURRENCY_CODE>USD</INVOICE_CURRENCY_CODE>
      <SET_OF_BOOKS_ID>1</SET_OF_BOOKS_ID>
      <LAST_UPDATED_BY>1318</LAST_UPDATED_BY>
      <LAST_UPDATE_DATE>15-NOV-20</LAST_UPDATE_DATE>
      <INVOICE_ID>567060</INVOICE_ID>
    </G_INVOICE_ID>
    <G_INVOICE_ID>
      <AMOUNT_PAID>14500</AMOUNT_PAID>
      <PAYMENT_CURRENCY_CODE>USD</PAYMENT_CURRENCY_CODE>
      <INVOICE_CURRENCY_CODE>USD</INVOICE_CURRENCY_CODE>
      <SET_OF_BOOKS_ID>1</SET_OF_BOOKS_ID>
      <LAST_UPDATED_BY>1003</LAST_UPDATED_BY>
      <LAST_UPDATE_DATE>14-FEB-97</LAST_UPDATE_DATE>
      <INVOICE_ID>13707</INVOICE_ID>
    </G_INVOICE_ID>
    <G_INVOICE_ID>
      <AMOUNT_PAID>2500</AMOUNT_PAID>
      <PAYMENT_CURRENCY_CODE>USD</PAYMENT_CURRENCY_CODE>
      <INVOICE_CURRENCY_CODE>USD</INVOICE_CURRENCY_CODE>
      <SET_OF_BOOKS_ID>1</SET_OF_BOOKS_ID>
      <LAST_UPDATED_BY>1006</LAST_UPDATED_BY>
      <LAST_UPDATE_DATE>31-MAR-97</LAST_UPDATE_DATE>
      <INVOICE_ID>13823</INVOICE_ID>
    </G_INVOICE_ID>
    <G_INVOICE_ID>
      <AMOUNT_PAID>1000</AMOUNT_PAID>
      <PAYMENT_CURRENCY_CODE>USD</PAYMENT_CURRENCY_CODE>
      <INVOICE_CURRENCY_CODE>USD</INVOICE_CURRENCY_CODE>
      <SET_OF_BOOKS_ID>1</SET_OF_BOOKS_ID>
      <LAST_UPDATED_BY>1318</LAST_UPDATED_BY>
      <LAST_UPDATE_DATE>20-JAN-98</LAST_UPDATE_DATE>
      <INVOICE_ID>14244</INVOICE_ID>
    </G_INVOICE_ID>
    <G_INVOICE_ID>
      <AMOUNT_PAID>19100</AMOUNT_PAID>
      <PAYMENT_CURRENCY_CODE>USD</PAYMENT_CURRENCY_CODE>
      <INVOICE_CURRENCY_CODE>USD</INVOICE_CURRENCY_CODE>
      <SET_OF_BOOKS_ID>1</SET_OF_BOOKS_ID>
      <LAST_UPDATED_BY>1318</LAST_UPDATED_BY>
      <LAST_UPDATE_DATE>20-JAN-98</LAST_UPDATE_DATE>
      <INVOICE_ID>14388</INVOICE_ID>
    </G_INVOICE_ID>
    <G_INVOICE_ID>
      <AMOUNT_PAID>15500</AMOUNT_PAID>
      <PAYMENT_CURRENCY_CODE>USD</PAYMENT_CURRENCY_CODE>
      <INVOICE_CURRENCY_CODE>USD</INVOICE_CURRENCY_CODE>
      <SET_OF_BOOKS_ID>1</SET_OF_BOOKS_ID>
      <LAST_UPDATED_BY>1493</LAST_UPDATED_BY>
      <LAST_UPDATE_DATE>15-OCT-97</LAST_UPDATE_DATE>
      <INVOICE_ID>14763</INVOICE_ID>
    </G_INVOICE_ID>
    <G_INVOICE_ID>
      <AMOUNT_PAID>17500</AMOUNT_PAID>
      <PAYMENT_CURRENCY_CODE>USD</PAYMENT_CURRENCY_CODE>
      <INVOICE_CURRENCY_CODE>USD</INVOICE_CURRENCY_CODE>
      <SET_OF_BOOKS_ID>1</SET_OF_BOOKS_ID>
      <LAST_UPDATED_BY>1512</LAST_UPDATED_BY>
      <LAST_UPDATE_DATE>10-SEP-97</LAST_UPDATE_DATE>
      <INVOICE_ID>14764</INVOICE_ID>
    </G_INVOICE_ID>
    <G_INVOICE_ID>
      <AMOUNT_PAID>15700</AMOUNT_PAID>
      <PAYMENT_CURRENCY_CODE>USD</PAYMENT_CURRENCY_CODE>
      <INVOICE_CURRENCY_CODE>USD</INVOICE_CURRENCY_CODE>
      <SET_OF_BOOKS_ID>1</SET_OF_BOOKS_ID>
      <LAST_UPDATED_BY>1512</LAST_UPDATED_BY>
      <LAST_UPDATE_DATE>10-SEP-97</LAST_UPDATE_DATE>
      <INVOICE_ID>14766</INVOICE_ID>
    </G_INVOICE_ID>
    <G_INVOICE_ID>
      <AMOUNT_PAID>6600</AMOUNT_PAID>
      <PAYMENT_CURRENCY_CODE>USD</PAYMENT_CURRENCY_CODE>
      <INVOICE_CURRENCY_CODE>USD</INVOICE_CURRENCY_CODE>
      <SET_OF_BOOKS_ID>1</SET_OF_BOOKS_ID>
      <LAST_UPDATED_BY>1493</LAST_UPDATED_BY>
      <LAST_UPDATE_DATE>15-OCT-97</LAST_UPDATE_DATE>
      <INVOICE_ID>14794</INVOICE_ID>
    </G_INVOICE_ID>
    <G_INVOICE_ID>
      <AMOUNT_PAID>15000</AMOUNT_PAID>
      <PAYMENT_CURRENCY_CODE>USD</PAYMENT_CURRENCY_CODE>
      <INVOICE_CURRENCY_CODE>USD</INVOICE_CURRENCY_CODE>
      <SET_OF_BOOKS_ID>1</SET_OF_BOOKS_ID>
      <LAST_UPDATED_BY>1512</LAST_UPDATED_BY>
      <LAST_UPDATE_DATE>04-NOV-97</LAST_UPDATE_DATE>
      <INVOICE_ID>14895</INVOICE_ID>
    </G_INVOICE_ID>
    <G_INVOICE_ID>
      <AMOUNT_PAID>18000</AMOUNT_PAID>
      <PAYMENT_CURRENCY_CODE>USD</PAYMENT_CURRENCY_CODE>
      <INVOICE_CURRENCY_CODE>USD</INVOICE_CURRENCY_CODE>
      <SET_OF_BOOKS_ID>1</SET_OF_BOOKS_ID>
      <LAST_UPDATED_BY>1318</LAST_UPDATED_BY>
      <LAST_UPDATE_DATE>24-OCT-21</LAST_UPDATE_DATE>
      <INVOICE_ID>15383</INVOICE_ID>
    </G_INVOICE_ID>
    <G_INVOICE_ID>
      <AMOUNT_PAID>14900</AMOUNT_PAID>
      <PAYMENT_CURRENCY_CODE>USD</PAYMENT_CURRENCY_CODE>
      <INVOICE_CURRENCY_CODE>USD</INVOICE_CURRENCY_CODE>
      <SET_OF_BOOKS_ID>1</SET_OF_BOOKS_ID>
      <LAST_UPDATED_BY>1318</LAST_UPDATED_BY>
      <LAST_UPDATE_DATE>09-APR-98</LAST_UPDATE_DATE>
      <INVOICE_ID>15741</INVOICE_ID>
    </G_INVOICE_ID>
    <G_INVOICE_ID>
      <AMOUNT_PAID>7800</AMOUNT_PAID>
      <PAYMENT_CURRENCY_CODE>USD</PAYMENT_CURRENCY_CODE>
      <INVOICE_CURRENCY_CODE>USD</INVOICE_CURRENCY_CODE>
      <SET_OF_BOOKS_ID>1</SET_OF_BOOKS_ID>
      <LAST_UPDATED_BY>1318</LAST_UPDATED_BY>
      <LAST_UPDATE_DATE>21-MAY-98</LAST_UPDATE_DATE>
      <INVOICE_ID>15875</INVOICE_ID>
    </G_INVOICE_ID>
    <G_INVOICE_ID>
      <AMOUNT_PAID>11500</AMOUNT_PAID>
      <PAYMENT_CURRENCY_CODE>USD</PAYMENT_CURRENCY_CODE>
      <INVOICE_CURRENCY_CODE>USD</INVOICE_CURRENCY_CODE>
      <SET_OF_BOOKS_ID>1</SET_OF_BOOKS_ID>
      <LAST_UPDATED_BY>1318</LAST_UPDATED_BY>
      <LAST_UPDATE_DATE>29-JUN-98</LAST_UPDATE_DATE>
      <INVOICE_ID>15975</INVOICE_ID>
    </G_INVOICE_ID>
    <G_INVOICE_ID>
      <AMOUNT_PAID>368</AMOUNT_PAID>
      <PAYMENT_CURRENCY_CODE>USD</PAYMENT_CURRENCY_CODE>
      <INVOICE_CURRENCY_CODE>USD</INVOICE_CURRENCY_CODE>
      <SET_OF_BOOKS_ID>1</SET_OF_BOOKS_ID>
      <LAST_UPDATED_BY>1318</LAST_UPDATED_BY>
      <LAST_UPDATE_DATE>12-OCT-99</LAST_UPDATE_DATE>
      <INVOICE_ID>16096</INVOICE_ID>
    </G_INVOICE_ID>
    <G_INVOICE_ID>
      <AMOUNT_PAID>14900</AMOUNT_PAID>
      <PAYMENT_CURRENCY_CODE>USD</PAYMENT_CURRENCY_CODE>
      <INVOICE_CURRENCY_CODE>USD</INVOICE_CURRENCY_CODE>
      <SET_OF_BOOKS_ID>1</SET_OF_BOOKS_ID>
      <LAST_UPDATED_BY>1318</LAST_UPDATED_BY>
      <LAST_UPDATE_DATE>12-OCT-99</LAST_UPDATE_DATE>
      <INVOICE_ID>16399</INVOICE_ID>
    </G_INVOICE_ID>
    <G_INVOICE_ID>
      <AMOUNT_PAID>7800</AMOUNT_PAID>
      <PAYMENT_CURRENCY_CODE>USD</PAYMENT_CURRENCY_CODE>
      <INVOICE_CURRENCY_CODE>USD</INVOICE_CURRENCY_CODE>
      <SET_OF_BOOKS_ID>1</SET_OF_BOOKS_ID>
      <LAST_UPDATED_BY>1318</LAST_UPDATED_BY>
      <LAST_UPDATE_DATE>12-OCT-99</LAST_UPDATE_DATE>
      <INVOICE_ID>16400</INVOICE_ID>
    </G_INVOICE_ID>
    <G_INVOICE_ID>
      <AMOUNT_PAID>11500</AMOUNT_PAID>
      <PAYMENT_CURRENCY_CODE>USD</PAYMENT_CURRENCY_CODE>
      <INVOICE_CURRENCY_CODE>USD</INVOICE_CURRENCY_CODE>
      <SET_OF_BOOKS_ID>1</SET_OF_BOOKS_ID>
      <LAST_UPDATED_BY>1318</LAST_UPDATED_BY>
      <LAST_UPDATE_DATE>12-OCT-99</LAST_UPDATE_DATE>
      <INVOICE_ID>16401</INVOICE_ID>
    </G_INVOICE_ID>
    <G_INVOICE_ID>
      <AMOUNT_PAID>800000</AMOUNT_PAID>
      <PAYMENT_CURRENCY_CODE>USD</PAYMENT_CURRENCY_CODE>
      <INVOICE_CURRENCY_CODE>USD</INVOICE_CURRENCY_CODE>
      <SET_OF_BOOKS_ID>1</SET_OF_BOOKS_ID>
      <LAST_UPDATED_BY>1318</LAST_UPDATED_BY>
      <LAST_UPDATE_DATE>05-SEP-99</LAST_UPDATE_DATE>
      <INVOICE_ID>16888</INVOICE_ID>
    </G_INVOICE_ID>
    <G_INVOICE_ID>
      <AMOUNT_PAID>987863</AMOUNT_PAID>
      <PAYMENT_CURRENCY_CODE>USD</PAYMENT_CURRENCY_CODE>
      <INVOICE_CURRENCY_CODE>USD</INVOICE_CURRENCY_CODE>
      <SET_OF_BOOKS_ID>1</SET_OF_BOOKS_ID>
      <LAST_UPDATED_BY>1318</LAST_UPDATED_BY>
      <LAST_UPDATE_DATE>05-SEP-99</LAST_UPDATE_DATE>
      <INVOICE_ID>16910</INVOICE_ID>
    </G_INVOICE_ID>
    <G_INVOICE_ID>
      <AMOUNT_PAID>22300</AMOUNT_PAID>
      <PAYMENT_CURRENCY_CODE>USD</PAYMENT_CURRENCY_CODE>
      <INVOICE_CURRENCY_CODE>USD</INVOICE_CURRENCY_CODE>
      <SET_OF_BOOKS_ID>1</SET_OF_BOOKS_ID>
      <LAST_UPDATED_BY>1318</LAST_UPDATED_BY>
      <LAST_UPDATE_DATE>05-SEP-99</LAST_UPDATE_DATE>
      <INVOICE_ID>16915</INVOICE_ID>
    </G_INVOICE_ID>
    <G_INVOICE_ID>
      <AMOUNT_PAID>23560</AMOUNT_PAID>
      <PAYMENT_CURRENCY_CODE>USD</PAYMENT_CURRENCY_CODE>
      <INVOICE_CURRENCY_CODE>USD</INVOICE_CURRENCY_CODE>
      <SET_OF_BOOKS_ID>1</SET_OF_BOOKS_ID>
      <LAST_UPDATED_BY>1318</LAST_UPDATED_BY>
      <LAST_UPDATE_DATE>05-SEP-99</LAST_UPDATE_DATE>
      <INVOICE_ID>17035</INVOICE_ID>
    </G_INVOICE_ID>
    <G_INVOICE_ID>
      <AMOUNT_PAID>132620</AMOUNT_PAID>
      <PAYMENT_CURRENCY_CODE>USD</PAYMENT_CURRENCY_CODE>
      <INVOICE_CURRENCY_CODE>USD</INVOICE_CURRENCY_CODE>
      <SET_OF_BOOKS_ID>1</SET_OF_BOOKS_ID>
      <LAST_UPDATED_BY>1318</LAST_UPDATED_BY>
      <LAST_UPDATE_DATE>05-SEP-99</LAST_UPDATE_DATE>
      <INVOICE_ID>17055</INVOICE_ID>
    </G_INVOICE_ID>
    <G_INVOICE_ID>
      <AMOUNT_PAID>22300</AMOUNT_PAID>
      <PAYMENT_CURRENCY_CODE>USD</PAYMENT_CURRENCY_CODE>
      <INVOICE_CURRENCY_CODE>USD</INVOICE_CURRENCY_CODE>
      <SET_OF_BOOKS_ID>1</SET_OF_BOOKS_ID>
      <LAST_UPDATED_BY>1318</LAST_UPDATED_BY>
      <LAST_UPDATE_DATE>05-SEP-99</LAST_UPDATE_DATE>
      <INVOICE_ID>17057</INVOICE_ID>
    </G_INVOICE_ID>
    <G_INVOICE_ID>
      <AMOUNT_PAID>1153006</AMOUNT_PAID>
      <PAYMENT_CURRENCY_CODE>USD</PAYMENT_CURRENCY_CODE>
      <INVOICE_CURRENCY_CODE>USD</INVOICE_CURRENCY_CODE>
      <SET_OF_BOOKS_ID>1</SET_OF_BOOKS_ID>
      <LAST_UPDATED_BY>1318</LAST_UPDATED_BY>
      <LAST_UPDATE_DATE>05-SEP-99</LAST_UPDATE_DATE>
      <INVOICE_ID>17058</INVOICE_ID>
    </G_INVOICE_ID>
    <G_INVOICE_ID>
      <AMOUNT_PAID>960000</AMOUNT_PAID>
      <PAYMENT_CURRENCY_CODE>USD</PAYMENT_CURRENCY_CODE>
      <INVOICE_CURRENCY_CODE>USD</INVOICE_CURRENCY_CODE>
      <SET_OF_BOOKS_ID>1</SET_OF_BOOKS_ID>
      <LAST_UPDATED_BY>1318</LAST_UPDATED_BY>
      <LAST_UPDATE_DATE>05-SEP-99</LAST_UPDATE_DATE>
      <INVOICE_ID>17059</INVOICE_ID>
    </G_INVOICE_ID>
    <G_INVOICE_ID>
      <AMOUNT_PAID>25000</AMOUNT_PAID>
      <PAYMENT_CURRENCY_CODE>USD</PAYMENT_CURRENCY_CODE>
      <INVOICE_CURRENCY_CODE>USD</INVOICE_CURRENCY_CODE>
      <SET_OF_BOOKS_ID>1</SET_OF_BOOKS_ID>
      <LAST_UPDATED_BY>1318</LAST_UPDATED_BY>
      <LAST_UPDATE_DATE>05-SEP-99</LAST_UPDATE_DATE>
      <INVOICE_ID>17146</INVOICE_ID>
    </G_INVOICE_ID>
    <G_INVOICE_ID>
      <AMOUNT_PAID>20000</AMOUNT_PAID>
      <PAYMENT_CURRENCY_CODE>USD</PAYMENT_CURRENCY_CODE>
      <INVOICE_CURRENCY_CODE>USD</INVOICE_CURRENCY_CODE>
      <SET_OF_BOOKS_ID>1</SET_OF_BOOKS_ID>
      <LAST_UPDATED_BY>1318</LAST_UPDATED_BY>
      <LAST_UPDATE_DATE>19-OCT-99</LAST_UPDATE_DATE>
      <INVOICE_ID>17332</INVOICE_ID>
    </G_INVOICE_ID>
    <G_INVOICE_ID>
      <AMOUNT_PAID>2030082</AMOUNT_PAID>
      <PAYMENT_CURRENCY_CODE>USD</PAYMENT_CURRENCY_CODE>
      <INVOICE_CURRENCY_CODE>USD</INVOICE_CURRENCY_CODE>
      <SET_OF_BOOKS_ID>1</SET_OF_BOOKS_ID>
      <LAST_UPDATED_BY>1318</LAST_UPDATED_BY>
      <LAST_UPDATE_DATE>19-OCT-99</LAST_UPDATE_DATE>
      <INVOICE_ID>17533</INVOICE_ID>
    </G_INVOICE_ID>
    <G_INVOICE_ID>
      <AMOUNT_PAID>3000</AMOUNT_PAID>
      <PAYMENT_CURRENCY_CODE>USD</PAYMENT_CURRENCY_CODE>
      <INVOICE_CURRENCY_CODE>USD</INVOICE_CURRENCY_CODE>
      <SET_OF_BOOKS_ID>1</SET_OF_BOOKS_ID>
      <LAST_UPDATED_BY>1318</LAST_UPDATED_BY>
      <LAST_UPDATE_DATE>19-OCT-99</LAST_UPDATE_DATE>
      <INVOICE_ID>17573</INVOICE_ID>
    </G_INVOICE_ID>
    <G_INVOICE_ID>
      <AMOUNT_PAID>5304.25</AMOUNT_PAID>
      <PAYMENT_CURRENCY_CODE>USD</PAYMENT_CURRENCY_CODE>
      <INVOICE_CURRENCY_CODE>USD</INVOICE_CURRENCY_CODE>
      <SET_OF_BOOKS_ID>1</SET_OF_BOOKS_ID>
      <LAST_UPDATED_BY>1318</LAST_UPDATED_BY>
      <LAST_UPDATE_DATE>05-JUL-00</LAST_UPDATE_DATE>
      <INVOICE_ID>18488</INVOICE_ID>
    </G_INVOICE_ID>
    <G_INVOICE_ID>
      <AMOUNT_PAID>10608.5</AMOUNT_PAID>
      <PAYMENT_CURRENCY_CODE>USD</PAYMENT_CURRENCY_CODE>
      <INVOICE_CURRENCY_CODE>USD</INVOICE_CURRENCY_CODE>
      <SET_OF_BOOKS_ID>1</SET_OF_BOOKS_ID>
      <LAST_UPDATED_BY>1318</LAST_UPDATED_BY>
      <LAST_UPDATE_DATE>05-JUL-00</LAST_UPDATE_DATE>
      <INVOICE_ID>18489</INVOICE_ID>
    </G_INVOICE_ID>
    <G_INVOICE_ID>
      <AMOUNT_PAID>10608.5</AMOUNT_PAID>
      <PAYMENT_CURRENCY_CODE>USD</PAYMENT_CURRENCY_CODE>
      <INVOICE_CURRENCY_CODE>USD</INVOICE_CURRENCY_CODE>
      <SET_OF_BOOKS_ID>1</SET_OF_BOOKS_ID>
      <LAST_UPDATED_BY>1318</LAST_UPDATED_BY>
      <LAST_UPDATE_DATE>29-MAR-00</LAST_UPDATE_DATE>
      <INVOICE_ID>18490</INVOICE_ID>
    </G_INVOICE_ID>
    <G_INVOICE_ID>
      <AMOUNT_PAID>10000</AMOUNT_PAID>
      <PAYMENT_CURRENCY_CODE>USD</PAYMENT_CURRENCY_CODE>
      <INVOICE_CURRENCY_CODE>USD</INVOICE_CURRENCY_CODE>
      <SET_OF_BOOKS_ID>1</SET_OF_BOOKS_ID>
      <LAST_UPDATED_BY>1318</LAST_UPDATED_BY>
      <LAST_UPDATE_DATE>01-FEB-01</LAST_UPDATE_DATE>
      <INVOICE_ID>19589</INVOICE_ID>
    </G_INVOICE_ID>
    <G_INVOICE_ID>
      <AMOUNT_PAID>18000</AMOUNT_PAID>
      <PAYMENT_CURRENCY_CODE>USD</PAYMENT_CURRENCY_CODE>
      <INVOICE_CURRENCY_CODE>USD</INVOICE_CURRENCY_CODE>
      <SET_OF_BOOKS_ID>1</SET_OF_BOOKS_ID>
      <LAST_UPDATED_BY>1318</LAST_UPDATED_BY>
      <LAST_UPDATE_DATE>01-FEB-01</LAST_UPDATE_DATE>
      <INVOICE_ID>20341</INVOICE_ID>
    </G_INVOICE_ID>
    <G_INVOICE_ID>
      <AMOUNT_PAID>60</AMOUNT_PAID>
      <PAYMENT_CURRENCY_CODE>USD</PAYMENT_CURRENCY_CODE>
      <INVOICE_CURRENCY_CODE>USD</INVOICE_CURRENCY_CODE>
      <SET_OF_BOOKS_ID>1</SET_OF_BOOKS_ID>
      <LAST_UPDATED_BY>1318</LAST_UPDATED_BY>
      <LAST_UPDATE_DATE>12-APR-01</LAST_UPDATE_DATE>
      <INVOICE_ID>20366</INVOICE_ID>
    </G_INVOICE_ID>
    <G_INVOICE_ID>
      <AMOUNT_PAID>20</AMOUNT_PAID>
      <PAYMENT_CURRENCY_CODE>USD</PAYMENT_CURRENCY_CODE>
      <INVOICE_CURRENCY_CODE>USD</INVOICE_CURRENCY_CODE>
      <SET_OF_BOOKS_ID>1</SET_OF_BOOKS_ID>
      <LAST_UPDATED_BY>1318</LAST_UPDATED_BY>
      <LAST_UPDATE_DATE>12-APR-01</LAST_UPDATE_DATE>
      <INVOICE_ID>20600</INVOICE_ID>
    </G_INVOICE_ID>
    <G_INVOICE_ID>
      <AMOUNT_PAID>10000</AMOUNT_PAID>
      <PAYMENT_CURRENCY_CODE>USD</PAYMENT_CURRENCY_CODE>
      <INVOICE_CURRENCY_CODE>USD</INVOICE_CURRENCY_CODE>
      <SET_OF_BOOKS_ID>1</SET_OF_BOOKS_ID>
      <LAST_UPDATED_BY>1318</LAST_UPDATED_BY>
      <LAST_UPDATE_DATE>26-OCT-01</LAST_UPDATE_DATE>
      <INVOICE_ID>21878</INVOICE_ID>
    </G_INVOICE_ID>
    <G_INVOICE_ID>
      <AMOUNT_PAID>7000</AMOUNT_PAID>
      <PAYMENT_CURRENCY_CODE>USD</PAYMENT_CURRENCY_CODE>
      <INVOICE_CURRENCY_CODE>USD</INVOICE_CURRENCY_CODE>
      <SET_OF_BOOKS_ID>1</SET_OF_BOOKS_ID>
      <LAST_UPDATED_BY>1318</LAST_UPDATED_BY>
      <LAST_UPDATE_DATE>26-OCT-01</LAST_UPDATE_DATE>
      <INVOICE_ID>21880</INVOICE_ID>
    </G_INVOICE_ID>
    <G_INVOICE_ID>
      <AMOUNT_PAID>10500</AMOUNT_PAID>
      <PAYMENT_CURRENCY_CODE>USD</PAYMENT_CURRENCY_CODE>
      <INVOICE_CURRENCY_CODE>USD</INVOICE_CURRENCY_CODE>
      <SET_OF_BOOKS_ID>1</SET_OF_BOOKS_ID>
      <LAST_UPDATED_BY>1318</LAST_UPDATED_BY>
      <LAST_UPDATE_DATE>24-OCT-21</LAST_UPDATE_DATE>
      <INVOICE_ID>21514</INVOICE_ID>
    </G_INVOICE_ID>
    <G_INVOICE_ID>
      <AMOUNT_PAID>15750</AMOUNT_PAID>
      <PAYMENT_CURRENCY_CODE>USD</PAYMENT_CURRENCY_CODE>
      <INVOICE_CURRENCY_CODE>USD</INVOICE_CURRENCY_CODE>
      <SET_OF_BOOKS_ID>1</SET_OF_BOOKS_ID>
      <LAST_UPDATED_BY>1318</LAST_UPDATED_BY>
      <LAST_UPDATE_DATE>05-DEC-01</LAST_UPDATE_DATE>
      <INVOICE_ID>22659</INVOICE_ID>
    </G_INVOICE_ID>
    <G_INVOICE_ID>
      <AMOUNT_PAID>28350</AMOUNT_PAID>
      <PAYMENT_CURRENCY_CODE>USD</PAYMENT_CURRENCY_CODE>
      <INVOICE_CURRENCY_CODE>USD</INVOICE_CURRENCY_CODE>
      <SET_OF_BOOKS_ID>1</SET_OF_BOOKS_ID>
      <LAST_UPDATED_BY>1318</LAST_UPDATED_BY>
      <LAST_UPDATE_DATE>05-DEC-01</LAST_UPDATE_DATE>
      <INVOICE_ID>22661</INVOICE_ID>
    </G_INVOICE_ID>
    <G_INVOICE_ID>
      <AMOUNT_PAID>1540</AMOUNT_PAID>
      <PAYMENT_CURRENCY_CODE>USD</PAYMENT_CURRENCY_CODE>
      <INVOICE_CURRENCY_CODE>USD</INVOICE_CURRENCY_CODE>
      <SET_OF_BOOKS_ID>1</SET_OF_BOOKS_ID>
      <LAST_UPDATED_BY>1318</LAST_UPDATED_BY>
      <LAST_UPDATE_DATE>05-FEB-02</LAST_UPDATE_DATE>
      <INVOICE_ID>22985</INVOICE_ID>
    </G_INVOICE_ID>
    <G_INVOICE_ID>
      <AMOUNT_PAID>1500</AMOUNT_PAID>
      <PAYMENT_CURRENCY_CODE>USD</PAYMENT_CURRENCY_CODE>
      <INVOICE_CURRENCY_CODE>USD</INVOICE_CURRENCY_CODE>
      <SET_OF_BOOKS_ID>1</SET_OF_BOOKS_ID>
      <LAST_UPDATED_BY>1318</LAST_UPDATED_BY>
      <LAST_UPDATE_DATE>05-FEB-02</LAST_UPDATE_DATE>
      <INVOICE_ID>22976</INVOICE_ID>
    </G_INVOICE_ID>
    <G_INVOICE_ID>
      <AMOUNT_PAID>5250</AMOUNT_PAID>
      <PAYMENT_CURRENCY_CODE>USD</PAYMENT_CURRENCY_CODE>
      <INVOICE_CURRENCY_CODE>USD</INVOICE_CURRENCY_CODE>
      <SET_OF_BOOKS_ID>1</SET_OF_BOOKS_ID>
      <LAST_UPDATED_BY>1318</LAST_UPDATED_BY>
      <LAST_UPDATE_DATE>24-OCT-21</LAST_UPDATE_DATE>
      <INVOICE_ID>23201</INVOICE_ID>
    </G_INVOICE_ID>
    <G_INVOICE_ID>
      <AMOUNT_PAID>300</AMOUNT_PAID>
      <PAYMENT_CURRENCY_CODE>USD</PAYMENT_CURRENCY_CODE>
      <INVOICE_CURRENCY_CODE>USD</INVOICE_CURRENCY_CODE>
      <SET_OF_BOOKS_ID>1</SET_OF_BOOKS_ID>
      <LAST_UPDATED_BY>1000148</LAST_UPDATED_BY>
      <LAST_UPDATE_DATE>11-JUN-02</LAST_UPDATE_DATE>
      <INVOICE_ID>23203</INVOICE_ID>
    </G_INVOICE_ID>
    <G_INVOICE_ID>
      <AMOUNT_PAID>300</AMOUNT_PAID>
      <PAYMENT_CURRENCY_CODE>USD</PAYMENT_CURRENCY_CODE>
      <INVOICE_CURRENCY_CODE>USD</INVOICE_CURRENCY_CODE>
      <SET_OF_BOOKS_ID>1</SET_OF_BOOKS_ID>
      <LAST_UPDATED_BY>1318</LAST_UPDATED_BY>
      <LAST_UPDATE_DATE>05-FEB-02</LAST_UPDATE_DATE>
      <INVOICE_ID>23123</INVOICE_ID>
    </G_INVOICE_ID>
    <G_INVOICE_ID>
      <AMOUNT_PAID>300</AMOUNT_PAID>
      <PAYMENT_CURRENCY_CODE>USD</PAYMENT_CURRENCY_CODE>
      <INVOICE_CURRENCY_CODE>USD</INVOICE_CURRENCY_CODE>
      <SET_OF_BOOKS_ID>1</SET_OF_BOOKS_ID>
      <LAST_UPDATED_BY>1318</LAST_UPDATED_BY>
      <LAST_UPDATE_DATE>05-FEB-02</LAST_UPDATE_DATE>
      <INVOICE_ID>23064</INVOICE_ID>
    </G_INVOICE_ID>
    <G_INVOICE_ID>
      <AMOUNT_PAID>1400</AMOUNT_PAID>
      <PAYMENT_CURRENCY_CODE>USD</PAYMENT_CURRENCY_CODE>
      <INVOICE_CURRENCY_CODE>USD</INVOICE_CURRENCY_CODE>
      <SET_OF_BOOKS_ID>1</SET_OF_BOOKS_ID>
      <LAST_UPDATED_BY>1318</LAST_UPDATED_BY>
      <LAST_UPDATE_DATE>05-FEB-02</LAST_UPDATE_DATE>
      <INVOICE_ID>23071</INVOICE_ID>
    </G_INVOICE_ID>
    <G_INVOICE_ID>
      <AMOUNT_PAID>300</AMOUNT_PAID>
      <PAYMENT_CURRENCY_CODE>USD</PAYMENT_CURRENCY_CODE>
      <INVOICE_CURRENCY_CODE>USD</INVOICE_CURRENCY_CODE>
      <SET_OF_BOOKS_ID>1</SET_OF_BOOKS_ID>
      <LAST_UPDATED_BY>1000148</LAST_UPDATED_BY>
      <LAST_UPDATE_DATE>11-JUN-02</LAST_UPDATE_DATE>
      <INVOICE_ID>23321</INVOICE_ID>
    </G_INVOICE_ID>
    <G_INVOICE_ID>
      <AMOUNT_PAID>5250</AMOUNT_PAID>
      <PAYMENT_CURRENCY_CODE>USD</PAYMENT_CURRENCY_CODE>
      <INVOICE_CURRENCY_CODE>USD</INVOICE_CURRENCY_CODE>
      <SET_OF_BOOKS_ID>1</SET_OF_BOOKS_ID>
      <LAST_UPDATED_BY>1000148</LAST_UPDATED_BY>
      <LAST_UPDATE_DATE>11-JUN-02</LAST_UPDATE_DATE>
      <INVOICE_ID>23311</INVOICE_ID>
    </G_INVOICE_ID>
    <G_INVOICE_ID>
      <AMOUNT_PAID>490</AMOUNT_PAID>
      <PAYMENT_CURRENCY_CODE>USD</PAYMENT_CURRENCY_CODE>
      <INVOICE_CURRENCY_CODE>USD</INVOICE_CURRENCY_CODE>
      <SET_OF_BOOKS_ID>1</SET_OF_BOOKS_ID>
      <LAST_UPDATED_BY>1000148</LAST_UPDATED_BY>
      <LAST_UPDATE_DATE>11-JUN-02</LAST_UPDATE_DATE>
      <INVOICE_ID>24561</INVOICE_ID>
    </G_INVOICE_ID>
    <G_INVOICE_ID>
      <AMOUNT_PAID>20</AMOUNT_PAID>
      <PAYMENT_CURRENCY_CODE>USD</PAYMENT_CURRENCY_CODE>
      <INVOICE_CURRENCY_CODE>USD</INVOICE_CURRENCY_CODE>
      <SET_OF_BOOKS_ID>1</SET_OF_BOOKS_ID>
      <LAST_UPDATED_BY>1000148</LAST_UPDATED_BY>
      <LAST_UPDATE_DATE>26-SEP-02</LAST_UPDATE_DATE>
      <INVOICE_ID>34939</INVOICE_ID>
    </G_INVOICE_ID>
    <G_INVOICE_ID>
      <AMOUNT_PAID>17500</AMOUNT_PAID>
      <PAYMENT_CURRENCY_CODE>USD</PAYMENT_CURRENCY_CODE>
      <INVOICE_CURRENCY_CODE>USD</INVOICE_CURRENCY_CODE>
      <SET_OF_BOOKS_ID>1</SET_OF_BOOKS_ID>
      <LAST_UPDATED_BY>1000148</LAST_UPDATED_BY>
      <LAST_UPDATE_DATE>26-SEP-02</LAST_UPDATE_DATE>
      <INVOICE_ID>34940</INVOICE_ID>
    </G_INVOICE_ID>
    <G_INVOICE_ID>
      <AMOUNT_PAID>9500</AMOUNT_PAID>
      <PAYMENT_CURRENCY_CODE>USD</PAYMENT_CURRENCY_CODE>
      <INVOICE_CURRENCY_CODE>USD</INVOICE_CURRENCY_CODE>
      <SET_OF_BOOKS_ID>1</SET_OF_BOOKS_ID>
      <LAST_UPDATED_BY>1000148</LAST_UPDATED_BY>
      <LAST_UPDATE_DATE>26-SEP-02</LAST_UPDATE_DATE>
      <INVOICE_ID>34941</INVOICE_ID>
    </G_INVOICE_ID>
    <G_INVOICE_ID>
      <AMOUNT_PAID>52500</AMOUNT_PAID>
      <PAYMENT_CURRENCY_CODE>USD</PAYMENT_CURRENCY_CODE>
      <INVOICE_CURRENCY_CODE>USD</INVOICE_CURRENCY_CODE>
      <SET_OF_BOOKS_ID>1</SET_OF_BOOKS_ID>
      <LAST_UPDATED_BY>1000148</LAST_UPDATED_BY>
      <LAST_UPDATE_DATE>26-SEP-02</LAST_UPDATE_DATE>
      <INVOICE_ID>34942</INVOICE_ID>
    </G_INVOICE_ID>
    <G_INVOICE_ID>
      <AMOUNT_PAID>56000</AMOUNT_PAID>
      <PAYMENT_CURRENCY_CODE>USD</PAYMENT_CURRENCY_CODE>
      <INVOICE_CURRENCY_CODE>USD</INVOICE_CURRENCY_CODE>
      <SET_OF_BOOKS_ID>1</SET_OF_BOOKS_ID>
      <LAST_UPDATED_BY>1000148</LAST_UPDATED_BY>
      <LAST_UPDATE_DATE>26-SEP-02</LAST_UPDATE_DATE>
      <INVOICE_ID>34943</INVOICE_ID>
    </G_INVOICE_ID>
    <G_INVOICE_ID>
      <AMOUNT_PAID>460</AMOUNT_PAID>
      <PAYMENT_CURRENCY_CODE>USD</PAYMENT_CURRENCY_CODE>
      <INVOICE_CURRENCY_CODE>USD</INVOICE_CURRENCY_CODE>
      <SET_OF_BOOKS_ID>1</SET_OF_BOOKS_ID>
      <LAST_UPDATED_BY>1000148</LAST_UPDATED_BY>
      <LAST_UPDATE_DATE>26-SEP-02</LAST_UPDATE_DATE>
      <INVOICE_ID>34944</INVOICE_ID>
    </G_INVOICE_ID>
    <G_INVOICE_ID>
      <AMOUNT_PAID>27</AMOUNT_PAID>
      <PAYMENT_CURRENCY_CODE>USD</PAYMENT_CURRENCY_CODE>
      <INVOICE_CURRENCY_CODE>USD</INVOICE_CURRENCY_CODE>
      <SET_OF_BOOKS_ID>1</SET_OF_BOOKS_ID>
      <LAST_UPDATED_BY>1000148</LAST_UPDATED_BY>
      <LAST_UPDATE_DATE>05-AUG-04</LAST_UPDATE_DATE>
      <INVOICE_ID>77736</INVOICE_ID>
    </G_INVOICE_ID>
    <G_INVOICE_ID>
      <AMOUNT_PAID>900</AMOUNT_PAID>
      <PAYMENT_CURRENCY_CODE>USD</PAYMENT_CURRENCY_CODE>
      <INVOICE_CURRENCY_CODE>USD</INVOICE_CURRENCY_CODE>
      <SET_OF_BOOKS_ID>1</SET_OF_BOOKS_ID>
      <LAST_UPDATED_BY>1006</LAST_UPDATED_BY>
      <LAST_UPDATE_DATE>01-MAR-96</LAST_UPDATE_DATE>
      <INVOICE_ID>10589</INVOICE_ID>
    </G_INVOICE_ID>
    <G_INVOICE_ID>
      <AMOUNT_PAID>1500</AMOUNT_PAID>
      <PAYMENT_CURRENCY_CODE>USD</PAYMENT_CURRENCY_CODE>
      <INVOICE_CURRENCY_CODE>USD</INVOICE_CURRENCY_CODE>
      <SET_OF_BOOKS_ID>1</SET_OF_BOOKS_ID>
      <LAST_UPDATED_BY>1006</LAST_UPDATED_BY>
      <LAST_UPDATE_DATE>01-MAR-96</LAST_UPDATE_DATE>
      <INVOICE_ID>10652</INVOICE_ID>
    </G_INVOICE_ID>
    <G_INVOICE_ID>
      <AMOUNT_PAID>5000</AMOUNT_PAID>
      <PAYMENT_CURRENCY_CODE>USD</PAYMENT_CURRENCY_CODE>
      <INVOICE_CURRENCY_CODE>USD</INVOICE_CURRENCY_CODE>
      <SET_OF_BOOKS_ID>1</SET_OF_BOOKS_ID>
      <LAST_UPDATED_BY>1006</LAST_UPDATED_BY>
      <LAST_UPDATE_DATE>15-MAY-96</LAST_UPDATE_DATE>
      <INVOICE_ID>11761</INVOICE_ID>
    </G_INVOICE_ID>
    <G_INVOICE_ID>
      <AMOUNT_PAID>8800</AMOUNT_PAID>
      <PAYMENT_CURRENCY_CODE>USD</PAYMENT_CURRENCY_CODE>
      <INVOICE_CURRENCY_CODE>USD</INVOICE_CURRENCY_CODE>
      <SET_OF_BOOKS_ID>1</SET_OF_BOOKS_ID>
      <LAST_UPDATED_BY>1318</LAST_UPDATED_BY>
      <LAST_UPDATE_DATE>16-MAR-98</LAST_UPDATE_DATE>
      <INVOICE_ID>15565</INVOICE_ID>
    </G_INVOICE_ID>
    <G_INVOICE_ID>
      <AMOUNT_PAID>1075901</AMOUNT_PAID>
      <PAYMENT_CURRENCY_CODE>USD</PAYMENT_CURRENCY_CODE>
      <INVOICE_CURRENCY_CODE>USD</INVOICE_CURRENCY_CODE>
      <SET_OF_BOOKS_ID>1</SET_OF_BOOKS_ID>
      <LAST_UPDATED_BY>1318</LAST_UPDATED_BY>
      <LAST_UPDATE_DATE>05-SEP-99</LAST_UPDATE_DATE>
      <INVOICE_ID>17056</INVOICE_ID>
    </G_INVOICE_ID>
    <G_INVOICE_ID>
      <AMOUNT_PAID>20</AMOUNT_PAID>
      <PAYMENT_CURRENCY_CODE>USD</PAYMENT_CURRENCY_CODE>
      <INVOICE_CURRENCY_CODE>USD</INVOICE_CURRENCY_CODE>
      <SET_OF_BOOKS_ID>1</SET_OF_BOOKS_ID>
      <LAST_UPDATED_BY>1318</LAST_UPDATED_BY>
      <LAST_UPDATE_DATE>12-APR-01</LAST_UPDATE_DATE>
      <INVOICE_ID>20365</INVOICE_ID>
    </G_INVOICE_ID>
    <G_INVOICE_ID>
      <AMOUNT_PAID>900</AMOUNT_PAID>
      <PAYMENT_CURRENCY_CODE>USD</PAYMENT_CURRENCY_CODE>
      <INVOICE_CURRENCY_CODE>USD</INVOICE_CURRENCY_CODE>
      <SET_OF_BOOKS_ID>1</SET_OF_BOOKS_ID>
      <LAST_UPDATED_BY>1318</LAST_UPDATED_BY>
      <LAST_UPDATE_DATE>08-NOV-21</LAST_UPDATE_DATE>
      <INVOICE_ID>10070</INVOICE_ID>
    </G_INVOICE_ID>
    <G_INVOICE_ID>
      <AMOUNT_PAID>6500</AMOUNT_PAID>
      <PAYMENT_CURRENCY_CODE>USD</PAYMENT_CURRENCY_CODE>
      <INVOICE_CURRENCY_CODE>USD</INVOICE_CURRENCY_CODE>
      <SET_OF_BOOKS_ID>1</SET_OF_BOOKS_ID>
      <LAST_UPDATED_BY>1006</LAST_UPDATED_BY>
      <LAST_UPDATE_DATE>16-APR-96</LAST_UPDATE_DATE>
      <INVOICE_ID>11369</INVOICE_ID>
    </G_INVOICE_ID>
    <G_INVOICE_ID>
      <AMOUNT_PAID>8800</AMOUNT_PAID>
      <PAYMENT_CURRENCY_CODE>USD</PAYMENT_CURRENCY_CODE>
      <INVOICE_CURRENCY_CODE>USD</INVOICE_CURRENCY_CODE>
      <SET_OF_BOOKS_ID>1</SET_OF_BOOKS_ID>
      <LAST_UPDATED_BY>1006</LAST_UPDATED_BY>
      <LAST_UPDATE_DATE>17-JUN-96</LAST_UPDATE_DATE>
      <INVOICE_ID>11890</INVOICE_ID>
    </G_INVOICE_ID>
    <G_INVOICE_ID>
      <AMOUNT_PAID>7500</AMOUNT_PAID>
      <PAYMENT_CURRENCY_CODE>USD</PAYMENT_CURRENCY_CODE>
      <INVOICE_CURRENCY_CODE>USD</INVOICE_CURRENCY_CODE>
      <SET_OF_BOOKS_ID>1</SET_OF_BOOKS_ID>
      <LAST_UPDATED_BY>1006</LAST_UPDATED_BY>
      <LAST_UPDATE_DATE>22-JUL-96</LAST_UPDATE_DATE>
      <INVOICE_ID>11932</INVOICE_ID>
    </G_INVOICE_ID>
    <G_INVOICE_ID>
      <AMOUNT_PAID>6700</AMOUNT_PAID>
      <PAYMENT_CURRENCY_CODE>USD</PAYMENT_CURRENCY_CODE>
      <INVOICE_CURRENCY_CODE>USD</INVOICE_CURRENCY_CODE>
      <SET_OF_BOOKS_ID>1</SET_OF_BOOKS_ID>
      <LAST_UPDATED_BY>1006</LAST_UPDATED_BY>
      <LAST_UPDATE_DATE>23-AUG-96</LAST_UPDATE_DATE>
      <INVOICE_ID>12149</INVOICE_ID>
    </G_INVOICE_ID>
    <G_INVOICE_ID>
      <AMOUNT_PAID>11200</AMOUNT_PAID>
      <PAYMENT_CURRENCY_CODE>USD</PAYMENT_CURRENCY_CODE>
      <INVOICE_CURRENCY_CODE>USD</INVOICE_CURRENCY_CODE>
      <SET_OF_BOOKS_ID>1</SET_OF_BOOKS_ID>
      <LAST_UPDATED_BY>1006</LAST_UPDATED_BY>
      <LAST_UPDATE_DATE>09-SEP-96</LAST_UPDATE_DATE>
      <INVOICE_ID>12370</INVOICE_ID>
    </G_INVOICE_ID>
    <G_INVOICE_ID>
      <AMOUNT_PAID>10000</AMOUNT_PAID>
      <PAYMENT_CURRENCY_CODE>USD</PAYMENT_CURRENCY_CODE>
      <INVOICE_CURRENCY_CODE>USD</INVOICE_CURRENCY_CODE>
      <SET_OF_BOOKS_ID>1</SET_OF_BOOKS_ID>
      <LAST_UPDATED_BY>1006</LAST_UPDATED_BY>
      <LAST_UPDATE_DATE>13-OCT-96</LAST_UPDATE_DATE>
      <INVOICE_ID>12610</INVOICE_ID>
    </G_INVOICE_ID>
    <G_INVOICE_ID>
      <AMOUNT_PAID>12000</AMOUNT_PAID>
      <PAYMENT_CURRENCY_CODE>USD</PAYMENT_CURRENCY_CODE>
      <INVOICE_CURRENCY_CODE>USD</INVOICE_CURRENCY_CODE>
      <SET_OF_BOOKS_ID>1</SET_OF_BOOKS_ID>
      <LAST_UPDATED_BY>1006</LAST_UPDATED_BY>
      <LAST_UPDATE_DATE>13-NOV-96</LAST_UPDATE_DATE>
      <INVOICE_ID>12844</INVOICE_ID>
    </G_INVOICE_ID>
    <G_INVOICE_ID>
      <AMOUNT_PAID>23000</AMOUNT_PAID>
      <PAYMENT_CURRENCY_CODE>USD</PAYMENT_CURRENCY_CODE>
      <INVOICE_CURRENCY_CODE>USD</INVOICE_CURRENCY_CODE>
      <SET_OF_BOOKS_ID>1</SET_OF_BOOKS_ID>
      <LAST_UPDATED_BY>1003</LAST_UPDATED_BY>
      <LAST_UPDATE_DATE>10-DEC-96</LAST_UPDATE_DATE>
      <INVOICE_ID>13172</INVOICE_ID>
    </G_INVOICE_ID>
    <G_INVOICE_ID>
      <AMOUNT_PAID>16700</AMOUNT_PAID>
      <PAYMENT_CURRENCY_CODE>USD</PAYMENT_CURRENCY_CODE>
      <INVOICE_CURRENCY_CODE>USD</INVOICE_CURRENCY_CODE>
      <SET_OF_BOOKS_ID>1</SET_OF_BOOKS_ID>
      <LAST_UPDATED_BY>1003</LAST_UPDATED_BY>
      <LAST_UPDATE_DATE>06-JAN-97</LAST_UPDATE_DATE>
      <INVOICE_ID>13439</INVOICE_ID>
    </G_INVOICE_ID>
  </LIST_G_INVOICE_ID>
  <SUMSET_OF_BOOKS_IDPERREPORT>80</SUMSET_OF_BOOKS_IDPERREPORT>
  <SUMAMOUNT_PAIDPERREPORT>7848266.75</SUMAMOUNT_PAIDPERREPORT>
</AP99>
