<?xml version="1.0" encoding="WINDOWS-1252"?>
<!-- Generated by Oracle Reports version 10.1.2.0.2 -->
<AP99>
  <LIST_G_INVOICE_ID>
    <G_INVOICE_ID>
      <AMOUNT_PAID>4149.6</AMOUNT_PAID>
      <PAYMENT_CURRENCY_CODE>USD</PAYMENT_CURRENCY_CODE>
      <INVOICE_CURRENCY_CODE>USD</INVOICE_CURRENCY_CODE>
      <SET_OF_BOOKS_ID>1</SET_OF_BOOKS_ID>
      <LAST_UPDATED_BY>1003</LAST_UPDATED_BY>
      <LAST_UPDATE_DATE>06-JAN-97</LAST_UPDATE_DATE>
      <INVOICE_ID>13311</INVOICE_ID>
    </G_INVOICE_ID>
    <G_INVOICE_ID>
      <AMOUNT_PAID>0</AMOUNT_PAID>
      <PAYMENT_CURRENCY_CODE>USD</PAYMENT_CURRENCY_CODE>
      <INVOICE_CURRENCY_CODE>USD</INVOICE_CURRENCY_CODE>
      <SET_OF_BOOKS_ID>1</SET_OF_BOOKS_ID>
      <LAST_UPDATED_BY>1318</LAST_UPDATED_BY>
      <LAST_UPDATE_DATE>16-NOV-21</LAST_UPDATE_DATE>
      <INVOICE_ID>686191</INVOICE_ID>
    </G_INVOICE_ID>
    <G_INVOICE_ID>
      <AMOUNT_PAID>0</AMOUNT_PAID>
      <PAYMENT_CURRENCY_CODE>USD</PAYMENT_CURRENCY_CODE>
      <INVOICE_CURRENCY_CODE>USD</INVOICE_CURRENCY_CODE>
      <SET_OF_BOOKS_ID>1</SET_OF_BOOKS_ID>
      <LAST_UPDATED_BY>1318</LAST_UPDATED_BY>
      <LAST_UPDATE_DATE>21-NOV-21</LAST_UPDATE_DATE>
      <INVOICE_ID>689186</INVOICE_ID>
    </G_INVOICE_ID>
    <G_INVOICE_ID>
      <AMOUNT_PAID>0</AMOUNT_PAID>
      <PAYMENT_CURRENCY_CODE>USD</PAYMENT_CURRENCY_CODE>
      <INVOICE_CURRENCY_CODE>USD</INVOICE_CURRENCY_CODE>
      <SET_OF_BOOKS_ID>1</SET_OF_BOOKS_ID>
      <LAST_UPDATED_BY>1318</LAST_UPDATED_BY>
      <LAST_UPDATE_DATE>21-NOV-21</LAST_UPDATE_DATE>
      <INVOICE_ID>689187</INVOICE_ID>
    </G_INVOICE_ID>
    <G_INVOICE_ID>
      <AMOUNT_PAID>0</AMOUNT_PAID>
      <PAYMENT_CURRENCY_CODE>USD</PAYMENT_CURRENCY_CODE>
      <INVOICE_CURRENCY_CODE>USD</INVOICE_CURRENCY_CODE>
      <SET_OF_BOOKS_ID>1</SET_OF_BOOKS_ID>
      <LAST_UPDATED_BY>1318</LAST_UPDATED_BY>
      <LAST_UPDATE_DATE>21-NOV-21</LAST_UPDATE_DATE>
      <INVOICE_ID>689188</INVOICE_ID>
    </G_INVOICE_ID>
    <G_INVOICE_ID>
      <AMOUNT_PAID>0</AMOUNT_PAID>
      <PAYMENT_CURRENCY_CODE>USD</PAYMENT_CURRENCY_CODE>
      <INVOICE_CURRENCY_CODE>USD</INVOICE_CURRENCY_CODE>
      <SET_OF_BOOKS_ID>1</SET_OF_BOOKS_ID>
      <LAST_UPDATED_BY>1318</LAST_UPDATED_BY>
      <LAST_UPDATE_DATE>16-NOV-21</LAST_UPDATE_DATE>
      <INVOICE_ID>686186</INVOICE_ID>
    </G_INVOICE_ID>
  </LIST_G_INVOICE_ID>
  <SUMSET_OF_BOOKS_IDPERREPORT>6</SUMSET_OF_BOOKS_IDPERREPORT>
  <SUMAMOUNT_PAIDPERREPORT>4149.6</SUMAMOUNT_PAIDPERREPORT>
</AP99>
