<?xml version="1.0" encoding="UTF-8"?>

<IRFANXML>
<P_LINE_NUMBER></P_LINE_NUMBER><P_INVOICE_ID>145650</P_INVOICE_ID>
<LIST_G_1>
<G_1>
<OPERATING_UNIT>Vision Operations</OPERATING_UNIT>
<SUPPLIER_NUMBER>2007</SUPPLIER_NUMBER>
<SUPPLIER_NAME>Allied Manufacturing</SUPPLIER_NAME>
<SUPPLIER_SITE>SAN JOSE-ERS</SUPPLIER_SITE>
<INVOICE_DATE>2006-04-19T14:00:03.000+05:30</INVOICE_DATE>
<INVOICE_NUMBER>145650</INVOICE_NUMBER>
<DESCRIPTION>Receipt Invoice automatically created on 19-APR-06</DESCRIPTION>
<LINE_NUMBER>1</LINE_NUMBER>
<LINE_TYPE>ITEM</LINE_TYPE>
<AMOUNT>97730.49</AMOUNT>
</G_1>
<G_1>
<OPERATING_UNIT>Vision Operations</OPERATING_UNIT>
<SUPPLIER_NUMBER>2007</SUPPLIER_NUMBER>
<SUPPLIER_NAME>Allied Manufacturing</SUPPLIER_NAME>
<SUPPLIER_SITE>SAN JOSE-ERS</SUPPLIER_SITE>
<INVOICE_DATE>2006-04-19T14:00:03.000+05:30</INVOICE_DATE>
<INVOICE_NUMBER>145650</INVOICE_NUMBER>
<DESCRIPTION>Receipt Invoice automatically created on 19-APR-06</DESCRIPTION>
<LINE_NUMBER>2</LINE_NUMBER>
<LINE_TYPE>ITEM</LINE_TYPE>
<AMOUNT>97730.49</AMOUNT>
</G_1>
</LIST_G_1>
</IRFANXML>
