<?xml version="1.0" encoding="UTF-8"?>

<R222>
<P_DEPTNO>10</P_DEPTNO>
<LIST_G_1>
<G_1>
<EMPNO>1221</EMPNO>
<ENAME>rr</ENAME>
<JOB>rr</JOB>
<MGR>1111</MGR>
<HIREDATE>2023-12-05T00:00:00.000+05:30</HIREDATE>
<SAL>13</SAL>
<COMM>6.5</COMM>
<DEPTNO>10</DEPTNO>
<GENDER>M</GENDER>
<PHONE_NUMBER/>
<STATUS>ACTIVE</STATUS>
</G_1>
<G_1>
<EMPNO>1114</EMPNO>
<ENAME>aunty</ENAME>
<JOB>eee</JOB>
<MGR>1111</MGR>
<HIREDATE>2023-12-05T00:00:00.000+05:30</HIREDATE>
<SAL>12</SAL>
<COMM>6</COMM>
<DEPTNO>10</DEPTNO>
<GENDER>M</GENDER>
<PHONE_NUMBER/>
<STATUS>ACTIVE</STATUS>
</G_1>
<G_1>
<EMPNO>7782</EMPNO>
<ENAME>CLARK</ENAME>
<JOB>MANAGER</JOB>
<MGR>7839</MGR>
<HIREDATE>1981-06-09T00:00:00.000+05:30</HIREDATE>
<SAL>2450</SAL>
<COMM>1225</COMM>
<DEPTNO>10</DEPTNO>
<GENDER>M</GENDER>
<PHONE_NUMBER/>
<STATUS>ACTIVE</STATUS>
</G_1>
<G_1>
<EMPNO>7934</EMPNO>
<ENAME>MILLER</ENAME>
<JOB>CLERK</JOB>
<MGR>7782</MGR>
<HIREDATE>1982-01-23T00:00:00.000+05:30</HIREDATE>
<SAL>1300</SAL>
<COMM>650</COMM>
<DEPTNO>10</DEPTNO>
<GENDER>M</GENDER>
<PHONE_NUMBER/>
<STATUS>ACTIVE</STATUS>
</G_1>
<G_1>
<EMPNO>6744</EMPNO>
<ENAME>ee</ENAME>
<JOB>f</JOB>
<MGR>2331</MGR>
<HIREDATE>2023-11-12T00:00:00.000+05:30</HIREDATE>
<SAL>231</SAL>
<COMM>115.5</COMM>
<DEPTNO>10</DEPTNO>
<GENDER>M</GENDER>
<PHONE_NUMBER/>
<STATUS>ACTIVE</STATUS>
</G_1>
<G_1>
<EMPNO>1111</EMPNO>
<ENAME>ROHAN</ENAME>
<JOB>CLERK</JOB>
<MGR/>
<HIREDATE/>
<SAL>1500</SAL>
<COMM>750</COMM>
<DEPTNO>10</DEPTNO>
<GENDER>M</GENDER>
<PHONE_NUMBER/>
<STATUS>ACTIVE</STATUS>
</G_1>
<G_1>
<EMPNO>1236</EMPNO>
<ENAME>FF</ENAME>
<JOB/>
<MGR/>
<HIREDATE/>
<SAL/>
<COMM/>
<DEPTNO>10</DEPTNO>
<GENDER>M</GENDER>
<PHONE_NUMBER/>
<STATUS>ACTIVE</STATUS>
</G_1>
<G_1>
<EMPNO>8534</EMPNO>
<ENAME/>
<JOB/>
<MGR/>
<HIREDATE/>
<SAL/>
<COMM/>
<DEPTNO>10</DEPTNO>
<GENDER>M</GENDER>
<PHONE_NUMBER/>
<STATUS>ACTIVE</STATUS>
</G_1>
<G_1>
<EMPNO>1353</EMPNO>
<ENAME/>
<JOB/>
<MGR/>
<HIREDATE/>
<SAL/>
<COMM/>
<DEPTNO>10</DEPTNO>
<GENDER>M</GENDER>
<PHONE_NUMBER>XXXXXX7890</PHONE_NUMBER>
<STATUS>ACTIVE</STATUS>
</G_1>
<G_1>
<EMPNO>6432</EMPNO>
<ENAME>john</ENAME>
<JOB>clerk</JOB>
<MGR>1254</MGR>
<HIREDATE>2023-11-12T00:00:00.000+05:30</HIREDATE>
<SAL>1500</SAL>
<COMM>750</COMM>
<DEPTNO>10</DEPTNO>
<GENDER>M</GENDER>
<PHONE_NUMBER/>
<STATUS>ACTIVE</STATUS>
</G_1>
<G_1>
<EMPNO>1565</EMPNO>
<ENAME>FR</ENAME>
<JOB>RF</JOB>
<MGR>1111</MGR>
<HIREDATE>2023-12-04T00:00:00.000+05:30</HIREDATE>
<SAL>12</SAL>
<COMM>6</COMM>
<DEPTNO>10</DEPTNO>
<GENDER>M</GENDER>
<PHONE_NUMBER/>
<STATUS>ACTIVE</STATUS>
</G_1>
<G_1>
<EMPNO>1276</EMPNO>
<ENAME>rehman</ENAME>
<JOB>job</JOB>
<MGR>7782</MGR>
<HIREDATE>2023-11-26T00:00:00.000+05:30</HIREDATE>
<SAL>20000</SAL>
<COMM>10000</COMM>
<DEPTNO>10</DEPTNO>
<GENDER>M</GENDER>
<PHONE_NUMBER/>
<STATUS>ACTIVE</STATUS>
</G_1>
<G_1>
<EMPNO>1226</EMPNO>
<ENAME>JIOJI</ENAME>
<JOB>GJG</JOB>
<MGR>1111</MGR>
<HIREDATE/>
<SAL>111</SAL>
<COMM>55.5</COMM>
<DEPTNO>10</DEPTNO>
<GENDER>M</GENDER>
<PHONE_NUMBER/>
<STATUS>ACTIVE</STATUS>
</G_1>
<G_1>
<EMPNO>1235</EMPNO>
<ENAME>DF</ENAME>
<JOB>RR</JOB>
<MGR/>
<HIREDATE/>
<SAL/>
<COMM/>
<DEPTNO>10</DEPTNO>
<GENDER>M</GENDER>
<PHONE_NUMBER/>
<STATUS>ACTIVE</STATUS>
</G_1>
<G_1>
<EMPNO>1234</EMPNO>
<ENAME>33</ENAME>
<JOB/>
<MGR/>
<HIREDATE/>
<SAL/>
<COMM/>
<DEPTNO>10</DEPTNO>
<GENDER>M</GENDER>
<PHONE_NUMBER/>
<STATUS>ACTIVE</STATUS>
</G_1>
<G_1>
<EMPNO>7324</EMPNO>
<ENAME>QWE</ENAME>
<JOB>WEF</JOB>
<MGR>1111</MGR>
<HIREDATE>2023-12-07T00:00:00.000+05:30</HIREDATE>
<SAL/>
<COMM/>
<DEPTNO>10</DEPTNO>
<GENDER>M</GENDER>
<PHONE_NUMBER>XXXXXX7890</PHONE_NUMBER>
<STATUS/>
</G_1>
</LIST_G_1>
</R222>
