CUSTOMER_TRX_ID,CREATED_FROM,LAST_UPDATE_DATE,LAST_UPDATED_BY,CREATION_DATE,COMPLETE_FLAG,TRX_NUMBER,CUST_TRX_TYPE_ID,TRX_DATE,SET_OF_BOOKS_ID,CREATED_BY
7445038,ARXTWMAI,1-Oct-23,1018107,1-Nov-23,Y,10020,Y,1-Oct-23,3062,2190
7445039,ARXTWMAI,1-Oct-23,1018107,1-Oct-23,Y,1043,Y,1-Oct-23,3062,2190
7445040,ARXTWMAI,1-Oct-23,1018107,1-Oct-23,Y,10000,Y,1-Oct-23,3062,2190
7445041,ARXTWMAI,1-Oct-23,1018107,1-Oct-23,Y,1042,Y,1-Oct-23,3062,2190
7445042,ARXTWMAI,1-Oct-23,1018107,1-Oct-23,Y,1041,Y,1-Oct-23,3062,2190
