TRX_DATE,TRX_NUMBER,SET_OF_BOOKS_ID,CUST_TRX_TYPE_ID,LINE_NUMBER,LINE_TYPE,EXTENDED_AMOUNT,ORG_ID,SEQ,CURRENCY,DESCRIPTION,BATCH_SOURCE_NAME,CONVERSION_TYPE,CONVERSION_RATE
8-Sep-95,6235627,207,1522,1,LINE,53560,204,1,USD,DESC,Chargeback,USER,1
4-Dec-97,4673467,126,1421,1,LINE,56640,204,2,USD,DESC,DM Reversal,USER,1
8-Dec-97,4734731,123,1542,1,TAX,11328,204,3,USD,DESC,MANUAL-OTHER,USER,1
4-Dec-97,6437601,1,1361,1,LINE,12368,204,4,USD,BHB,Intercompany,USER,1
4-Dec-97,4637414,122,1501,2,LINE,41492,204,5,USD,DESCCC,Chargeback,USER,1
