<?xml version="1.0" encoding="UTF-8"?>

<REHMAN222>
<OPERATINGUNIT>Progress UK</OPERATINGUNIT><P_FROM_DATE>03-jan-2009</P_FROM_DATE><P_TO_DATE></P_TO_DATE><P_TRX_NUMBER>507733</P_TRX_NUMBER>
<LIST_G_1>
<G_1>
<OPERATINGUNIT>SSC Italy</OPERATINGUNIT>
<SOURCE>VISION BUILD</SOURCE>
<TRXNUMBER>507733</TRXNUMBER>
<FROM_DATE>2009-03-03T00:00:00.000+05:30</FROM_DATE>
<CURRENCY>USD</CURRENCY>
<LEGALENTITY>SSC Italy</LEGALENTITY>
<LOCATION>12616</LOCATION>
<NUM>1</NUM>
<DESCRIPTION>Support</DESCRIPTION>
<QUANTITY>1</QUANTITY>
<UNIT_PRICE/>
<TRANSACTIONS/>
</G_1>
<G_1>
<OPERATINGUNIT>SSC Italy</OPERATINGUNIT>
<SOURCE>VISION BUILD</SOURCE>
<TRXNUMBER>507733</TRXNUMBER>
<FROM_DATE>2009-03-03T00:00:00.000+05:30</FROM_DATE>
<CURRENCY>USD</CURRENCY>
<LEGALENTITY>SSC Italy</LEGALENTITY>
<LOCATION>12616</LOCATION>
<NUM>1</NUM>
<DESCRIPTION/>
<QUANTITY/>
<UNIT_PRICE/>
<TRANSACTIONS/>
</G_1>
<G_1>
<OPERATINGUNIT>Progress UK</OPERATINGUNIT>
<SOURCE>VISION BUILD</SOURCE>
<TRXNUMBER>507733</TRXNUMBER>
<FROM_DATE>2009-05-16T00:00:00.000+05:30</FROM_DATE>
<CURRENCY>GBP</CURRENCY>
<LEGALENTITY>Progress UK</LEGALENTITY>
<LOCATION>11136</LOCATION>
<NUM>1</NUM>
<DESCRIPTION>Pharmacy charges</DESCRIPTION>
<QUANTITY>1</QUANTITY>
<UNIT_PRICE/>
<TRANSACTIONS/>
</G_1>
<G_1>
<OPERATINGUNIT>Progress UK</OPERATINGUNIT>
<SOURCE>VISION BUILD</SOURCE>
<TRXNUMBER>507733</TRXNUMBER>
<FROM_DATE>2009-05-16T00:00:00.000+05:30</FROM_DATE>
<CURRENCY>GBP</CURRENCY>
<LEGALENTITY>Progress UK</LEGALENTITY>
<LOCATION>11136</LOCATION>
<NUM>1</NUM>
<DESCRIPTION/>
<QUANTITY/>
<UNIT_PRICE/>
<TRANSACTIONS/>
</G_1>
</LIST_G_1>
</REHMAN222>
