<?xml version="1.0" encoding="UTF-8"?>

<REHMAN222>
<OPERATINGUNIT></OPERATINGUNIT><P_FROM_DATE></P_FROM_DATE><P_TO_DATE></P_TO_DATE><P_TRX_NUMBER>10040548</P_TRX_NUMBER>
<LIST_G_1>
<G_1>
<OPERATINGUNIT>Vision Operations</OPERATINGUNIT>
<SOURCE>ORDER ENTRY</SOURCE>
<TRXNUMBER>10040548</TRXNUMBER>
<FROM_DATE>2009-03-24T00:00:00.000+05:30</FROM_DATE>
<CURRENCY>USD</CURRENCY>
<LEGALENTITY>Vision Operations</LEGALENTITY>
<LOCATION>Pittsburgh (OPS)</LOCATION>
<NUM>1</NUM>
<DESCRIPTION>Television 102&quot;</DESCRIPTION>
<QUANTITY>21</QUANTITY>
<UNIT_PRICE>4499.99</UNIT_PRICE>
<TRANSACTIONS>209</TRANSACTIONS>
</G_1>
<G_1>
<OPERATINGUNIT>Vision Operations</OPERATINGUNIT>
<SOURCE>ORDER ENTRY</SOURCE>
<TRXNUMBER>10040548</TRXNUMBER>
<FROM_DATE>2009-03-24T00:00:00.000+05:30</FROM_DATE>
<CURRENCY>USD</CURRENCY>
<LEGALENTITY>Vision Operations</LEGALENTITY>
<LOCATION>Pittsburgh (OPS)</LOCATION>
<NUM>3</NUM>
<DESCRIPTION/>
<QUANTITY/>
<UNIT_PRICE/>
<TRANSACTIONS>209</TRANSACTIONS>
</G_1>
<G_1>
<OPERATINGUNIT>Vision Operations</OPERATINGUNIT>
<SOURCE>ORDER ENTRY</SOURCE>
<TRXNUMBER>10040548</TRXNUMBER>
<FROM_DATE>2009-03-24T00:00:00.000+05:30</FROM_DATE>
<CURRENCY>USD</CURRENCY>
<LEGALENTITY>Vision Operations</LEGALENTITY>
<LOCATION>Pittsburgh (OPS)</LOCATION>
<NUM>2</NUM>
<DESCRIPTION/>
<QUANTITY/>
<UNIT_PRICE/>
<TRANSACTIONS>209</TRANSACTIONS>
</G_1>
<G_1>
<OPERATINGUNIT>Vision Operations</OPERATINGUNIT>
<SOURCE>ORDER ENTRY</SOURCE>
<TRXNUMBER>10040548</TRXNUMBER>
<FROM_DATE>2009-03-24T00:00:00.000+05:30</FROM_DATE>
<CURRENCY>USD</CURRENCY>
<LEGALENTITY>Vision Operations</LEGALENTITY>
<LOCATION>Pittsburgh (OPS)</LOCATION>
<NUM>1</NUM>
<DESCRIPTION/>
<QUANTITY/>
<UNIT_PRICE/>
<TRANSACTIONS>209</TRANSACTIONS>
</G_1>
</LIST_G_1>
</REHMAN222>
