<?xml version="1.0" encoding="UTF-8"?>
<!-- Generated by Oracle Reports version 10.1.2.3.0 -->
<MODULE1>
  <LIST_G_EMPNO>
    <G_EMPNO>
      <EMPNO>1234</EMPNO>
      <ENAME>JIM</ENAME>
      <JOB>SALESMAN</JOB>
      <MGR>7698</MGR>
      <HIREDATE>02-APR-23</HIREDATE>
      <SAL>1000</SAL>
      <COMM>100</COMM>
      <DEPTNO>40</DEPTNO>
    </G_EMPNO>
    <G_EMPNO>
      <EMPNO>321</EMPNO>
      <ENAME>munna</ENAME>
      <JOB>analyst</JOB>
      <MGR>963</MGR>
      <HIREDATE>03-APR-24</HIREDATE>
      <SAL>1000</SAL>
      <COMM></COMM>
      <DEPTNO></DEPTNO>
    </G_EMPNO>
    <G_EMPNO>
      <EMPNO>7369</EMPNO>
      <ENAME>SMITH</ENAME>
      <JOB>CLERK</JOB>
      <MGR>7902</MGR>
      <HIREDATE>17-DEC-80</HIREDATE>
      <SAL>3100</SAL>
      <COMM></COMM>
      <DEPTNO>20</DEPTNO>
    </G_EMPNO>
    <G_EMPNO>
      <EMPNO>7499</EMPNO>
      <ENAME>ALLEN</ENAME>
      <JOB>SALESMAN</JOB>
      <MGR>7698</MGR>
      <HIREDATE>20-FEB-81</HIREDATE>
      <SAL>2100</SAL>
      <COMM>300</COMM>
      <DEPTNO>30</DEPTNO>
    </G_EMPNO>
    <G_EMPNO>
      <EMPNO>7521</EMPNO>
      <ENAME>WARD</ENAME>
      <JOB>SALESMAN</JOB>
      <MGR>7698</MGR>
      <HIREDATE>22-FEB-81</HIREDATE>
      <SAL>1750</SAL>
      <COMM>500</COMM>
      <DEPTNO>30</DEPTNO>
    </G_EMPNO>
    <G_EMPNO>
      <EMPNO>7566</EMPNO>
      <ENAME>JONES</ENAME>
      <JOB>MANAGER</JOB>
      <MGR>7839</MGR>
      <HIREDATE>02-APR-81</HIREDATE>
      <SAL>3475</SAL>
      <COMM></COMM>
      <DEPTNO>20</DEPTNO>
    </G_EMPNO>
    <G_EMPNO>
      <EMPNO>7654</EMPNO>
      <ENAME>MARTIN</ENAME>
      <JOB>SALESMAN</JOB>
      <MGR>7698</MGR>
      <HIREDATE>28-SEP-81</HIREDATE>
      <SAL>1750</SAL>
      <COMM>1400</COMM>
      <DEPTNO>30</DEPTNO>
    </G_EMPNO>
    <G_EMPNO>
      <EMPNO>7698</EMPNO>
      <ENAME>BLAKE</ENAME>
      <JOB>MANAGER</JOB>
      <MGR>7839</MGR>
      <HIREDATE>01-MAY-81</HIREDATE>
      <SAL>3350</SAL>
      <COMM></COMM>
      <DEPTNO>30</DEPTNO>
    </G_EMPNO>
    <G_EMPNO>
      <EMPNO>7782</EMPNO>
      <ENAME>CLARK</ENAME>
      <JOB>MANAGER</JOB>
      <MGR>7839</MGR>
      <HIREDATE>09-JUN-81</HIREDATE>
      <SAL>2950</SAL>
      <COMM></COMM>
      <DEPTNO>10</DEPTNO>
    </G_EMPNO>
    <G_EMPNO>
      <EMPNO>7788</EMPNO>
      <ENAME>SCOTT</ENAME>
      <JOB>ANALYST</JOB>
      <MGR>7566</MGR>
      <HIREDATE>19-APR-87</HIREDATE>
      <SAL>3500</SAL>
      <COMM></COMM>
      <DEPTNO>20</DEPTNO>
    </G_EMPNO>
    <G_EMPNO>
      <EMPNO>7839</EMPNO>
      <ENAME>KING</ENAME>
      <JOB>PRESIDENT</JOB>
      <MGR></MGR>
      <HIREDATE>17-NOV-81</HIREDATE>
      <SAL>5500</SAL>
      <COMM></COMM>
      <DEPTNO>10</DEPTNO>
    </G_EMPNO>
    <G_EMPNO>
      <EMPNO>7844</EMPNO>
      <ENAME>TURNER</ENAME>
      <JOB>SALESMAN</JOB>
      <MGR>7698</MGR>
      <HIREDATE>08-SEP-81</HIREDATE>
      <SAL>2000</SAL>
      <COMM>0</COMM>
      <DEPTNO>30</DEPTNO>
    </G_EMPNO>
    <G_EMPNO>
      <EMPNO>7876</EMPNO>
      <ENAME>ADAMS</ENAME>
      <JOB>CLERK</JOB>
      <MGR>7788</MGR>
      <HIREDATE>23-MAY-87</HIREDATE>
      <SAL>1600</SAL>
      <COMM></COMM>
      <DEPTNO>20</DEPTNO>
    </G_EMPNO>
    <G_EMPNO>
      <EMPNO>7900</EMPNO>
      <ENAME>JAMES</ENAME>
      <JOB>CLERK</JOB>
      <MGR>7698</MGR>
      <HIREDATE>03-DEC-81</HIREDATE>
      <SAL>1450</SAL>
      <COMM></COMM>
      <DEPTNO>30</DEPTNO>
    </G_EMPNO>
    <G_EMPNO>
      <EMPNO>7902</EMPNO>
      <ENAME>FORD</ENAME>
      <JOB>ANALYST</JOB>
      <MGR>7566</MGR>
      <HIREDATE>03-DEC-81</HIREDATE>
      <SAL>3500</SAL>
      <COMM></COMM>
      <DEPTNO>20</DEPTNO>
    </G_EMPNO>
    <G_EMPNO>
      <EMPNO>7934</EMPNO>
      <ENAME>MILLER</ENAME>
      <JOB>CLERK</JOB>
      <MGR>7782</MGR>
      <HIREDATE>23-JAN-82</HIREDATE>
      <SAL>1750</SAL>
      <COMM></COMM>
      <DEPTNO>10</DEPTNO>
    </G_EMPNO>
  </LIST_G_EMPNO>
  <COUNTEMPNOPERREPORT>16</COUNTEMPNOPERREPORT>
</MODULE1>
