<?xml version="1.0" encoding="UTF-8"?>
<Invoice>
<G_INVOICE_NUMBER>
<business_process_type>reporting:1.0</business_process_type>
<invoice_number>10007302</invoice_number>
<invoice_issue_date>29-NOV-01</invoice_issue_date>
<invoice_issue_time>11:11:10</invoice_issue_time>
<invoice_type_transactions>1361</invoice_type_transactions>
<invoice_currency_code>USD</invoice_currency_code>
<tax_currency_code>USD</tax_currency_code>
<invoice_counter_value>51336</invoice_counter_value>
<previous_invoice_hash>NWZlY2ViNTdlOQ==</previous_invoice_hash>
<invoice_qr_code>Invoice QR code</invoice_qr_code>
<cryptographic_stamp>Cryptographic stamp</cryptographic_stamp>
<other_seller_id>456789123</other_seller_id>
<seller_street>475 Park Avenue</seller_street>
<seller_city>New York</seller_city>
<seller_postal_code>10022</seller_postal_code>
<seller_address_district>New York</seller_address_district>
<seller_address_country_code>US</seller_address_country_code>
<seller_name>Vision Operations</seller_name>
<buyer_name>Hilman and Associates</buyer_name>
<buyer_city>Tulsa</buyer_city>
<buyer_country_code>US</buyer_country_code>
<total_without_vat>15209.8</total_without_vat>
<currency_for_sum>USD</currency_for_sum>
<total_vat_amount>1204.16</total_vat_amount>
<currency_for_vat>USD</currency_for_vat>
<currency_for_total>USD</currency_for_total>
<amount_due_for_payment>0</amount_due_for_payment>
<currency_for_due_amt>USD</currency_for_due_amt>
<tax_scheme_id11>LOCATION</tax_scheme_id11>
<G_DESCRIPTION>
<item_name>--</item_name>
<item_net_price>0</item_net_price>
<item_net_price_currency>USD</item_net_price_currency>
<item_vat_category_code>LOCATION</item_vat_category_code>
<item_vat_rate/>
<tax_scheme_id12>VAT</tax_scheme_id12>
<invoice_line_identifier>1</invoice_line_identifier>
<invoiced_quantity>5</invoiced_quantity>
<invoice_line_net_amount>541.18</invoice_line_net_amount>
<invoice_line_amount_currency>USD</invoice_line_amount_currency>
<invoice_line_tax_amount>6835.7</invoice_line_tax_amount>
<vat_line_amount>0</vat_line_amount>
<vat_line_amount_currency>USD</vat_line_amount_currency>
<line_amount_inclusive_vat>0</line_amount_inclusive_vat>
</G_DESCRIPTION>
<G_DESCRIPTION>
<item_name>--</item_name>
<item_net_price>0</item_net_price>
<item_net_price_currency>USD</item_net_price_currency>
<item_vat_category_code>LOCATION</item_vat_category_code>
<item_vat_rate/>
<tax_scheme_id12>VAT</tax_scheme_id12>
<invoice_line_identifier>1</invoice_line_identifier>
<invoiced_quantity>15</invoiced_quantity>
<invoice_line_net_amount>92.99</invoice_line_net_amount>
<invoice_line_amount_currency>USD</invoice_line_amount_currency>
<invoice_line_tax_amount>1174.5</invoice_line_tax_amount>
<vat_line_amount>0</vat_line_amount>
<vat_line_amount_currency>USD</vat_line_amount_currency>
<line_amount_inclusive_vat>0</line_amount_inclusive_vat>
</G_DESCRIPTION>
<G_DESCRIPTION>
<item_name>--</item_name>
<item_net_price>0</item_net_price>
<item_net_price_currency>USD</item_net_price_currency>
<item_vat_category_code>LOCATION</item_vat_category_code>
<item_vat_rate/>
<tax_scheme_id12>VAT</tax_scheme_id12>
<invoice_line_identifier>1</invoice_line_identifier>
<invoiced_quantity>40</invoiced_quantity>
<invoice_line_net_amount>569.99</invoice_line_net_amount>
<invoice_line_amount_currency>USD</invoice_line_amount_currency>
<invoice_line_tax_amount>7199.6</invoice_line_tax_amount>
<vat_line_amount>0</vat_line_amount>
<vat_line_amount_currency>USD</vat_line_amount_currency>
<line_amount_inclusive_vat>0</line_amount_inclusive_vat>
</G_DESCRIPTION>
<G_DESCRIPTION>
<item_name>Battery - NiHM</item_name>
<item_net_price>87</item_net_price>
<item_net_price_currency>USD</item_net_price_currency>
<item_vat_category_code>LOCATION</item_vat_category_code>
<item_vat_rate/>
<tax_scheme_id12>VAT</tax_scheme_id12>
<invoice_line_identifier>2</invoice_line_identifier>
<invoiced_quantity>15</invoiced_quantity>
<invoice_line_net_amount>1174.5</invoice_line_net_amount>
<invoice_line_amount_currency>USD</invoice_line_amount_currency>
<invoice_line_tax_amount>0</invoice_line_tax_amount>
<vat_line_amount>0</vat_line_amount>
<vat_line_amount_currency>USD</vat_line_amount_currency>
<line_amount_inclusive_vat>0</line_amount_inclusive_vat>
</G_DESCRIPTION>
<G_DESCRIPTION>
<item_name>Docking Station</item_name>
<item_net_price>199.99</item_net_price>
<item_net_price_currency>USD</item_net_price_currency>
<item_vat_category_code>LOCATION</item_vat_category_code>
<item_vat_rate/>
<tax_scheme_id12>VAT</tax_scheme_id12>
<invoice_line_identifier>1</invoice_line_identifier>
<invoiced_quantity>40</invoiced_quantity>
<invoice_line_net_amount>7199.6</invoice_line_net_amount>
<invoice_line_amount_currency>USD</invoice_line_amount_currency>
<invoice_line_tax_amount>0</invoice_line_tax_amount>
<vat_line_amount>0</vat_line_amount>
<vat_line_amount_currency>USD</vat_line_amount_currency>
<line_amount_inclusive_vat>0</line_amount_inclusive_vat>
</G_DESCRIPTION>
<G_DESCRIPTION>
<item_name>Sentinel Standard Desktop</item_name>
<item_net_price>1599</item_net_price>
<item_net_price_currency>USD</item_net_price_currency>
<item_vat_category_code>LOCATION</item_vat_category_code>
<item_vat_rate/>
<tax_scheme_id12>VAT</tax_scheme_id12>
<invoice_line_identifier>3</invoice_line_identifier>
<invoiced_quantity>5</invoiced_quantity>
<invoice_line_net_amount>6835.7</invoice_line_net_amount>
<invoice_line_amount_currency>USD</invoice_line_amount_currency>
<invoice_line_tax_amount>0</invoice_line_tax_amount>
<vat_line_amount>0</vat_line_amount>
<vat_line_amount_currency>USD</vat_line_amount_currency>
<line_amount_inclusive_vat>0</line_amount_inclusive_vat>
</G_DESCRIPTION>
</G_INVOICE_NUMBER>
</Invoice>