<?xml version="1.0" encoding="UTF-8"?>

<XXFTR_INV_R31>
<VENDOR_ID>77781</VENDOR_ID>
<LIST_G_1>
<G_1>
<OPERATING_UNIT>Vision France</OPERATING_UNIT>
<SUPPLIER_NUMBER>1013</SUPPLIER_NUMBER>
<SUPPLIER_NAME>Advanced Network Devices</SUPPLIER_NAME>
<SUPPLIER_SITE>NANTERRE</SUPPLIER_SITE>
<INVOICE_DATE>2004-07-09T01:12:23.000+05:30</INVOICE_DATE>
<INVOICE_NUMBER>77781</INVOICE_NUMBER>
<DESCRIPTION>Crédit</DESCRIPTION>
<LINE_NUMBER>1</LINE_NUMBER>
<LINE_TYPE>ITEM</LINE_TYPE>
<AMOUNT>-191.36</AMOUNT>
</G_1>
<G_1>
<OPERATING_UNIT>Vision France</OPERATING_UNIT>
<SUPPLIER_NUMBER>1013</SUPPLIER_NUMBER>
<SUPPLIER_NAME>Advanced Network Devices</SUPPLIER_NAME>
<SUPPLIER_SITE>NANTERRE</SUPPLIER_SITE>
<INVOICE_DATE>2004-07-09T01:12:23.000+05:30</INVOICE_DATE>
<INVOICE_NUMBER>77781</INVOICE_NUMBER>
<DESCRIPTION>Crédit</DESCRIPTION>
<LINE_NUMBER>2</LINE_NUMBER>
<LINE_TYPE>TAX</LINE_TYPE>
<AMOUNT>-191.36</AMOUNT>
</G_1>
</LIST_G_1>
</XXFTR_INV_R31>
